bs_DI,bs_F,offsets,f_shallow,cal_fac,log_ml,optimizer_output,optimizer_args,max_lid,delta_t,optimizer,hessian,hessian_approximated
,"[6.055025452765975e-24, 2.182573679100866, 19.80544065867669, 5.916696374290962]",,,82.48080739166247,147838.1280695812,"   success: True
       fun: 147838.1280695812
         x: [ 6.055e-24  2.183e+00  1.981e+01  5.917e+00]
      nfev: 603
 nfev_lipo: 603","{'max_feval': 3500, 'rtol': 1e-08, 'max_opt': 70, 'n_rand': 300}",100,40,dlib,,
,"[1.1172643845349377, 8.575229443022737, 10.361375163846297, 10.666986293454737]",,,89.7931576927018,147823.9447312564," message: Optimization terminated successfully
 success: True
  status: 0
     fun: 147823.9447312564
       x: [ 1.117e+00  8.575e+00  1.036e+01  1.067e+01  8.979e+01]
     nit: 32
     jac: [ 1.317e-04  3.576e-05  5.430e-06  4.793e-06  5.383e-05]
    nfev: 34
    njev: 32","{'options': {'maxiter': 3500, 'maxfun': 3500}, 'grad': True, 'method': 'SLSQP'}",100,40,scipy,,"[[0.49766427241437133, 0.37789709575440933, 0.25552622539765607, 0.137857625350466, -0.1270196956839002], [0.37789709575440933, 0.32127538401008837, 0.24303522920356424, 0.13661426700197868, -0.07188595995484473], [0.25552622539765607, 0.24303522920356424, 0.21111405807014583, 0.1237768125725865, -0.03476711044135912], [0.137857625350466, 0.13661426700197868, 0.1237768125725865, 0.0775277777144689, -0.016877415735118546], [-0.1270196956839002, -0.07188595995484473, -0.03476711044135912, -0.016877415735118546, 0.5429453762373719]]"
,"[0.0, 13.885511114566093]",,,82.48080739166247,147838.5746401961,"   success: True
       fun: 147838.5746401961
         x: [ 0.000e+00  1.389e+01]
      nfev: 443
 nfev_lipo: 443","{'max_feval': 3500, 'rtol': 1e-08, 'max_opt': 70, 'n_rand': 300}",100,40,dlib,,
,"[1.633105184449944, 13.776612100298369]",,,89.78795021505422,147823.97752855442," message: Optimization terminated successfully
 success: True
  status: 0
     fun: 147823.97752855442
       x: [ 1.633e+00  1.378e+01  8.979e+01]
     nit: 9
     jac: [-6.935e-05 -5.888e-04  2.940e-04]
    nfev: 10
    njev: 9","{'options': {'maxiter': 3500, 'maxfun': 3500}, 'grad': True, 'method': 'SLSQP'}",100,40,scipy,,"[[0.4830130545750886, 0.4977404368889537, -0.1278176798014723], [0.4977404368889537, 0.7419701972066634, -0.07960475985012759], [-0.1278176798014723, -0.07960475985012759, 0.5426559383443952]]"
