bs_DI,bs_F,offsets,f_shallow,cal_fac,log_ml,optimizer_output,optimizer_args,max_lid,delta_t,optimizer,hessian,hessian_approximated
,"[2.6726126283334533, 21.189567801033323, 7.663537496749259e-05, 5.2636438798309335]",,,82.8091354240129,147837.7054867171,"   success: True
       fun: 147837.7054867171
         x: [ 2.673e+00  2.119e+01  7.664e-05  5.264e+00]
      nfev: 559
 nfev_lipo: 559","{'max_feval': 3500, 'rtol': 1e-08, 'max_opt': 70, 'n_rand': 300}",100,40,dlib,,
,"[8.634129942472661, 12.709607607241429, 3.3280284872348455e-05, 10.757643092259453]",,,89.64634646981276,147823.9763583987," message: Optimization terminated successfully
 success: True
  status: 0
     fun: 147823.9763583987
       x: [ 8.634e+00  1.271e+01  3.328e-05  1.076e+01  8.965e+01]
     nit: 17
     jac: [-7.395e-04 -5.863e-04 -4.124e-04 -2.074e-04  5.705e-05]
    nfev: 18
    njev: 17","{'options': {'maxiter': 3500, 'maxfun': 3500}, 'grad': True, 'method': 'SLSQP'}",100,40,scipy,,"[[0.7351684107533525, 0.5213686089629703, 0.19693837083967025, 0.2434399040074553, -0.13746573088614053], [0.5213686089629703, 0.42434980417553547, 0.16649503163585092, 0.21903916629351178, -0.07084298302266114], [0.19693837083967025, 0.16649503163585092, 0.12882459959164524, 0.08809213393265755, -0.025202571354555295], [0.2434399040074553, 0.21903916629351178, 0.08809213393265755, 0.12734547767965512, -0.02628464384179756], [-0.13746573088614053, -0.07084298302266114, -0.025202571354555295, -0.02628464384179756, 0.5934254654936538]]"
,"[7.260875924685259, 11.674985629138046]",,,82.8091354240129,147838.05068473166,"   success: True
       fun: 147838.05068473166
         x: [ 7.261e+00  1.167e+01]
      nfev: 455
 nfev_lipo: 455","{'max_feval': 3500, 'rtol': 1e-08, 'max_opt': 70, 'n_rand': 300}",100,40,dlib,,
,"[10.481676413689664, 10.202577020780884]",,,89.66759452761376,147824.0029578355," message: Optimization terminated successfully
 success: True
  status: 0
     fun: 147824.0029578355
       x: [ 1.048e+01  1.020e+01  8.967e+01]
     nit: 9
     jac: [-2.089e-05 -2.718e-04 -3.112e-05]
    nfev: 9
    njev: 9","{'options': {'maxiter': 3500, 'maxfun': 3500}, 'grad': True, 'method': 'SLSQP'}",100,40,scipy,,"[[0.6985879762181936, 0.7109723442971267, -0.14061185865326745], [0.7109723442971267, 0.97250288421529, -0.09580895610241784], [-0.14061185865326745, -0.09580895610241784, 0.593506972373158]]"
